{
  "project_info": {
    "project_number": "846938609983",
    "project_id": "lostget-faafe",
    "storage_bucket": "lostget-faafe.appspot.com"
  },
  "client": [
    {
      "client_info": {
        "mobilesdk_app_id": "1:846938609983:android:841e6ae9673bdafa129b8a",
        "android_client_info": {
          "package_name": "com.praidux.lost_get"
        }
      },
      "oauth_client": [
        {
          "client_id": "846938609983-mqhokda7j05oftcpfp5s9v4gg8ij96j4.apps.googleusercontent.com",
          "client_type": 3
        }
      ],
      "api_key": [
        {
          "current_key": "AIzaSyB8TsPvMTINZb6H4Eca3tckJsdyL8XM8uU"
        }
      ],
      "services": {
        "appinvite_service": {
          "other_platform_oauth_client": [
            {
              "client_id": "846938609983-mqhokda7j05oftcpfp5s9v4gg8ij96j4.apps.googleusercontent.com",
              "client_type": 3
            }
          ]
        }
      }
    }
  ],
  "configuration_version": "1"
}